<?xml version="1.0" encoding="utf-8"?>
<team>
	<item name="David Gaull" title="Director, Client Services, AKA Producto" jpg="Dave_Guall" />
	<item name="Dennis Chalkin" title="Creative Dir., Photography, AKA Smoke'N Mirrors" jpg="Dennis_Chalkin" />
	<item name="Hillary Kelbick" title="President AKA Captain Kelbick" jpg="Hillary_Kelbick" />
	<item name="Jeff Keller" title="Creative Director AKA EasyWriter" jpg="Jeff_Keller" />
	<item name="Laura DeLaCruz" title="Senior Project Manager AKA Eagle Eye" jpg="Laura_DeLaCruz" />
	<item name="Lisa Wegimont" title="Administration AKA Lightning" jpg="Lisa_Wegimont" />
	<item name="Melinda Bell Faigenbaum" title="Senior Project Manager AKA Masked Persuader" jpg="Melinda_Bell_Faigenbaum" />
	<item name="Nick Puccia" title="Creative Director AKA PushBack" jpg="Nick_Puccia" />
	<item name="Pamela Reich" title="Director, Communications Strategy AKA Dr. Know" jpg="Pam_Reich" />
	<item name="Sandra Rota" title="Senior Project Manager AKA Deadline" jpg="Sandra_Buglione" />
	<item name="Hermes Parga" title="Creative Services Manager AKA Hero Sandwich" jpg="Hermes_Parga" />
	<item name="Melissa Chefec" title="Director, Business Development AKA The Hunter" jpg="Mellisa_Chefec" />
	<item name="Kay Creager" title="Project Manager AKA SunShine" jpg="Kay_Creager" />
</team>
