<?xml version="1.0" encoding="utf-8"?>
<team>
	<item name="David Gaull" title="Director, Client Services" jpg="Dave_Guall" />
	<item name="Dennis Chalkin" title="Creative Director, Photography" jpg="Dennis_Chalkin" />
	<item name="Hillary Kelbick" title="President" jpg="Hillary_Kelbick" />
	<item name="Jeff Keller" title="Creative Director" jpg="Jeff_Keller" />
	<item name="Laura DeLaCruz" title="Senior Project Manager" jpg="Laura_DeLaCruz" />
	<item name="Lisa Wegimont" title="Administration" jpg="Lisa_Wegimont" />
	<item name="Melinda Bell Faigenbaum" title="Senior Project Manager" jpg="Melinda_Bell_Faigenbaum" />
	<item name="Nick Puccia" title="Creative Director" jpg="Nick_Puccia" />
	<item name="Pamela Reich" title="Director, Communications Strategy" jpg="Pam_Reich" />
	<item name="Sandra Rota" title="Senior Project Manager" jpg="Sandra_Buglione" />
	<item name="Hermes Parga" title="Creative Services Manager" jpg="Hermes_Parga" />
	<item name="Melissa Chefec" title="Director, Business Development" jpg="Mellisa_Chefec" />
	<item name="Kay Creager" title="Project Manager" jpg="Kay_Creager" />
</team>
