<?xml version="1.0" encoding="utf-8"?>

<options>
	<item title="PARTNERSHIP APPROACH" jpg="images_why/partnership_approach.jpg"><![CDATA[We take direction, but bring value.  We are team players, partnering in large initiatives with clients and other agencies to deliver the best results possible.]]></item>
	<item title="CREATIVE FLAIR" jpg="images_why/creative_flair.jpg"><![CDATA[MKP creative teams focus on key messages with strong attention to detail - but we deliver these messages in unexpected and memorable ways.]]></item>
	<item title="TACTICAL EXCELLENCE" jpg="images_why/tactical_excellence.jpg"><![CDATA[Our fixation with timelines, budgets and contingency planning<br>will help your project run smoothly. ]]></item>
	<item title="INDUSTRY KNOWLEDGE" jpg="images_why/industry_knowledge.jpg"><![CDATA[We keep abreast of recent trends,<br>regulatory issues and market<br>conditions in our target industries.<br>This means "no learning curve."]]></item>
	<item title="COMMITMENT TO YOUR BEST INTEREST" jpg="images_why/commitment.jpg"><![CDATA[We always suggest the most cost-effective communications solutions.  We respect your bottom line. We adhere to your schedule. And we'll exceed your highest expectations.]]></item>
</options>
