<?xml version="1.0" encoding="utf-8"?>
<team>
	<item name="Dave Gull" title="temp" jpg="Dave_Gull" />
	<item name="Dennis Chalkin" title="title goes here" jpg="Dennis_Chalkin" />
	<item name="Jeff Keller" title="title goes here" jpg="Jeff_Keller" />
	<item name="Laura DeLaCruz" title="title goes here" jpg="Laura_DeLaCruz" />
	<item name="Lisa Wegimont" title="title goes here" jpg="Lisa_Wegimont" />
	<item name="Melinda Bell Faigenbaum" title="title goes here" jpg="Melinda_Bell_Faigenbaum" />
	<item name="Nick Puccia" title="title goes here" jpg="Nick_Puccia" />
	<item name="Pam Reich" title="title goes here" jpg="Pam_Reich" />
	<item name="Sandra Buglione" title="title goes here" jpg="Sandra_Buglione" />
	<item name="Hermes Parga" title="title goes here" jpg="Hermes_Parga" />
	<item name="temp" title="title goes here" jpg="temp" />
</team>
