<?xml version="1.0" encoding="utf-8"?>

<whatwedo>
	<item title="BRAND" jpg="portfolio/brand.jpg"><![CDATA[We take your brand and translate it effectively across multiple channels, so you gain cohesive, powerful messaging at every customer touch-point.]]></item>
	<item title="DIRECT MAIL" jpg="portfolio/direct_mail.jpg"><![CDATA[Expect breakthrough creative that's strategically designed for optimal print economies and postal savings.]]></item>
	<item title="ADVERTISING" jpg="portfolio/advertising.jpg"><![CDATA[Our ads are meticulously crafted to catch the eye or ear, sell hard, and still respect your brand.]]></item>
	<item title="VIDEO" jpg="portfolio/whatwedo_video.swf"><![CDATA[Need a strong sales-driven video with dynamic graphics?  A training or corporate video that inspires as well as educates? Make MKP your go-to team.]]></item>
	<item title="ONLINE" jpg="portfolio/online.swf"><![CDATA[We'll integrate a splash page for a specific promotion, or provide a smart new look and functionality for your entire site.]]></item>
	<item title="MERGER COMMUNICATIONS" jpg="portfolio/merger_communications.jpg"><![CDATA[These are compliance obligations, but more importantly, they're sales opportunities.  MKP has proven it with many of the largest mergers in U.S. banking history.]]></item>
	<item title="SALES PROMOTION" jpg="portfolio/sales_promotion.jpg"><![CDATA[Dazzling to High Energy displays and posters are just the beginning.  We think outside the box with promotions that get your product noticed.]]></item>
	<item title="B2B" jpg="portfolio/b2b.jpg"><![CDATA[Cut through the clutter, but speak the language of business. These key objectives make a great B2B campaign. We'll show you how. ]]></item>
</whatwedo>