<?xml version="1.0" encoding="utf-8"?>

<options>
	<item link="http://www.aol.com" title="CREATIVE COMMUNICATORS"><![CDATA[Our work is smart, stylish, often unexpected, but always on strategy - and always on brand.]]></item>
	<item link="http://www.aol.com" title="STRATEGIC MARKETERS"><![CDATA[More than just order takers, MKP relishes the opportunity to take a proactive role in helping you shape your marketing agenda.]]></item>
	<item link="http://www.nbc.com" title="METICULOUS PLANNERS"><![CDATA[From list and database expertise to print and imaging solutions and post-campaign analysis and planning, we are adept at every phase of a campaign.]]></item>
	<item link="http://www.msn.com" title="SKILLED FACILITATORS"><![CDATA[Overcoming obstacles and removing headaches are among our greatest strengths. Count on our experience and production skills to get your project completed within your timeline - and within your budget.]]></item>
	<item link="http://www.aol.com" title="SUPPORTIVE ALLIES"><![CDATA[Your account team will be accessible, professional, personable, and focused on making your job easier. We pride ourselves adapting to your way of doing business not vice versa.]]></item>
	<item link="http://www.aol.com" title="LOYAL PARTNERS"><![CDATA[MKP believes in developing client relationships for the long-term. We protect your interests, and believe that our success depends upon your success.]]></item>
</options>
